{"v":"5.12.2","fr":12,"ip":0,"op":17,"w":1000,"h":600,"nm":"00","ddd":0,"assets":[{"id":"image_0","w":42,"h":42,"u":"images/","p":"img_0.png","e":0},{"id":"image_1","w":42,"h":42,"u":"images/","p":"img_1.png","e":0},{"id":"image_2","w":210,"h":96,"u":"images/","p":"img_2.png","e":0},{"id":"image_3","w":210,"h":96,"u":"images/","p":"img_3.png","e":0},{"id":"image_4","w":768,"h":387,"u":"images/","p":"img_4.png","e":0},{"id":"image_5","w":771,"h":375,"u":"images/","p":"img_5.png","e":0}],"layers":[{"ddd":0,"ind":1,"ty":2,"nm":"Ellipse 733.png","cl":"png","refId":"image_0","sr":1,"ks":{"o":{"a":1,"k":[{"i":{"x":[0.667],"y":[1]},"o":{"x":[0.333],"y":[0]},"t":8,"s":[0]},{"t":10,"s":[100]}],"ix":11},"r":{"a":0,"k":0,"ix":10},"p":{"a":0,"k":[113,139.375,0],"ix":2,"l":2},"a":{"a":0,"k":[21,21,0],"ix":1,"l":2},"s":{"a":0,"k":[100,100,100],"ix":6,"l":2}},"ao":0,"ip":8,"op":368,"st":8,"bm":0},{"ddd":0,"ind":2,"ty":2,"nm":"Ellipse 734.png","cl":"png","refId":"image_1","sr":1,"ks":{"o":{"a":1,"k":[{"i":{"x":[0.667],"y":[1]},"o":{"x":[0.333],"y":[0]},"t":8,"s":[0]},{"t":10,"s":[100]}],"ix":11},"r":{"a":0,"k":0,"ix":10},"p":{"a":0,"k":[886.875,508.375,0],"ix":2,"l":2},"a":{"a":0,"k":[21,21,0],"ix":1,"l":2},"s":{"a":0,"k":[100,100,100],"ix":6,"l":2}},"ao":0,"ip":8,"op":368,"st":8,"bm":0},{"ddd":0,"ind":3,"ty":2,"nm":"Frame 3674.png","cl":"png","refId":"image_2","sr":1,"ks":{"o":{"a":1,"k":[{"i":{"x":[0.667],"y":[1]},"o":{"x":[0.333],"y":[0]},"t":10,"s":[0]},{"t":12,"s":[100]}],"ix":11},"r":{"a":1,"k":[{"i":{"x":[0.667],"y":[1]},"o":{"x":[0.333],"y":[0]},"t":10,"s":[30]},{"i":{"x":[0.667],"y":[1]},"o":{"x":[0.333],"y":[0]},"t":12,"s":[-5]},{"i":{"x":[0.667],"y":[1]},"o":{"x":[0.333],"y":[0]},"t":14,"s":[5]},{"t":16,"s":[0]}],"ix":10},"p":{"a":0,"k":[113.75,102.5,0],"ix":2,"l":2},"a":{"a":0,"k":[105.5,95,0],"ix":1,"l":2},"s":{"a":1,"k":[{"i":{"x":[0.667,0.667,0.667],"y":[1,1,1]},"o":{"x":[0.333,0.333,0.333],"y":[0,0,0]},"t":10,"s":[0,0,100]},{"t":12,"s":[100,100,100]}],"ix":6,"l":2}},"ao":0,"ip":10,"op":370,"st":10,"bm":0},{"ddd":0,"ind":4,"ty":2,"nm":"Frame 3678.png","cl":"png","refId":"image_3","sr":1,"ks":{"o":{"a":1,"k":[{"i":{"x":[0.667],"y":[1]},"o":{"x":[0.333],"y":[0]},"t":10,"s":[0]},{"t":12,"s":[100]}],"ix":11},"r":{"a":1,"k":[{"i":{"x":[0.667],"y":[1]},"o":{"x":[0.333],"y":[0]},"t":10,"s":[-30]},{"i":{"x":[0.667],"y":[1]},"o":{"x":[0.333],"y":[0]},"t":12,"s":[5]},{"i":{"x":[0.667],"y":[1]},"o":{"x":[0.333],"y":[0]},"t":14,"s":[-5]},{"t":16,"s":[0]}],"ix":10},"p":{"a":0,"k":[887.5,472.5,0],"ix":2,"l":2},"a":{"a":0,"k":[105.5,96,0],"ix":1,"l":2},"s":{"a":1,"k":[{"i":{"x":[0.667,0.667,0.667],"y":[1,1,1]},"o":{"x":[0.333,0.333,0.333],"y":[0,0,0]},"t":10,"s":[0,0,100]},{"t":12,"s":[100,100,100]}],"ix":6,"l":2}},"ao":0,"ip":10,"op":370,"st":10,"bm":0},{"ddd":0,"ind":5,"ty":2,"nm":"Vector 483.png","cl":"png","refId":"image_4","sr":1,"ks":{"o":{"a":0,"k":100,"ix":11},"r":{"a":0,"k":0,"ix":10},"p":{"a":0,"k":[500,323.5,0],"ix":2,"l":2},"a":{"a":0,"k":[384,193.5,0],"ix":1,"l":2},"s":{"a":0,"k":[100,100,100],"ix":6,"l":2}},"ao":0,"hasMask":true,"masksProperties":[{"inv":false,"mode":"a","pt":{"a":1,"k":[{"i":{"x":0.822,"y":1},"o":{"x":1,"y":0},"t":0,"s":[{"i":[[0,0],[0,0],[0,0],[0,0]],"o":[[0,0],[0,0],[0,0],[0,0]],"v":[[1,-123.5],[-841,-123.5],[-841,354.5],[1,354.5]],"c":true}]},{"t":10,"s":[{"i":[[0,0],[0,0],[0,0],[0,0]],"o":[[0,0],[0,0],[0,0],[0,0]],"v":[[818,-30.5],[-24,-30.5],[-24,447.5],[818,447.5]],"c":true}]}],"ix":1},"o":{"a":0,"k":100,"ix":3},"x":{"a":0,"k":0,"ix":4},"nm":"蒙版 1"}],"ip":0,"op":360,"st":0,"bm":0},{"ddd":0,"ind":6,"ty":2,"nm":"Frame 3956.png","cl":"png","refId":"image_5","sr":1,"ks":{"o":{"a":0,"k":100,"ix":11},"r":{"a":0,"k":0,"ix":10},"p":{"a":0,"k":[499,325.5,0],"ix":2,"l":2},"a":{"a":0,"k":[385.5,187.5,0],"ix":1,"l":2},"s":{"a":0,"k":[100,100,100],"ix":6,"l":2}},"ao":0,"ip":0,"op":360,"st":0,"bm":0}],"markers":[],"props":{}}